{
  "segment": "segment-3275806206237593341_1260_000_1280_000_with_camera_labels",
  "matched_stems": 199,
  "calibration_frames": 5,
  "evaluation_pixels": 3901444,
  "selected_model": "power",
  "AbsRel": 8.883312574425872e-08,
  "RMSE": 1.8537380128691439e-06,
  "delta1": 1.0,
  "fits": {
    "hyperbolic": {
      "params": [
        -282.2219710020748,
        -1.0000000000000002e-06,
        37.044615892296406
      ],
      "RMSE": 3.0263727591954477,
      "R2": 0.8630483020171872
    },
    "power": {
      "params": [
        0.9999999619565743,
        1.0000000095754336,
        1.6448586862820014e-07
      ],
      "RMSE": 1.7262234283265984e-08,
      "R2": 1.0
    },
    "exponential": {
      "params": [
        4.962579876003007e-15,
        2.97000000240408,
        3.508293300662279
      ],
      "RMSE": 1.6993393944170887e+34,
      "R2": -4.318001946011745e+66
    }
  }
}