{
  "segment": "segment-17835886859721116155_1860_000_1880_000_with_camera_labels",
  "matched_stems": 199,
  "calibration_frames": 5,
  "evaluation_pixels": 3118318,
  "selected_model": "power",
  "AbsRel": 8.826798136851721e-08,
  "RMSE": 1.8161315438192105e-06,
  "delta1": 1.0,
  "fits": {
    "hyperbolic": {
      "params": [
        -268.3630762576296,
        -1.0000000145446079e-06,
        36.35270602816878
      ],
      "RMSE": 3.387583244947196,
      "R2": 0.8405983602234168
    },
    "power": {
      "params": [
        0.9999999360163596,
        1.000000015924062,
        2.969897847977942e-07
      ],
      "RMSE": 2.778210577903468e-08,
      "R2": 1.0
    },
    "exponential": {
      "params": [
        -1.104993403504139e-15,
        2.970000000473865,
        -1.5813560803691258e+25
      ],
      "RMSE": 3.0735878952424054e+34,
      "R2": -1.3122123070510964e+67
    }
  }
}