{
  "segment": "segment-3459095437766396887_1600_000_1620_000_with_camera_labels",
  "matched_stems": 198,
  "calibration_frames": 5,
  "evaluation_pixels": 2994944,
  "selected_model": "power",
  "AbsRel": 0.0,
  "RMSE": 0.0,
  "delta1": 1.0,
  "fits": {
    "hyperbolic": {
      "params": [
        -279.2148647274544,
        -1.000000000000042e-06,
        37.09206294698354
      ],
      "RMSE": 3.213631672764641,
      "R2": 0.8621863096632403
    },
    "power": {
      "params": [
        0.9999999842964912,
        1.000000003826247,
        7.572904195732955e-08
      ],
      "RMSE": 7.23046382379379e-09,
      "R2": 1.0
    },
    "exponential": {
      "params": [
        -5.029311222700289e-15,
        2.9700000001236706,
        13.714759672142346
      ],
      "RMSE": 1.5756105918883725e+35,
      "R2": -3.3128208245650957e+68
    }
  }
}