{
  "segment": "segment-2383902674438058857_4420_000_4440_000_with_camera_labels",
  "matched_stems": 198,
  "calibration_frames": 5,
  "evaluation_pixels": 2775808,
  "selected_model": "power",
  "AbsRel": 8.881083531347284e-14,
  "RMSE": 2.47859760493796e-10,
  "delta1": 1.0,
  "fits": {
    "hyperbolic": {
      "params": [
        -295.1908275383148,
        -1.000000000000003e-06,
        38.53800339406297
      ],
      "RMSE": 3.5213383603487425,
      "R2": 0.8595878510064141
    },
    "power": {
      "params": [
        1.0000000370127695,
        0.9999999905155398,
        -1.65521127635237e-07
      ],
      "RMSE": 2.5383370795653462e-08,
      "R2": 1.0
    },
    "exponential": {
      "params": [
        -9.777685188135062e-16,
        2.9700000002321567,
        12.807121470065976
      ],
      "RMSE": 7.0177870554589115e+34,
      "R2": -5.576857438024392e+67
    }
  }
}