{
  "segment": "segment-3122599254941105215_2980_000_3000_000_with_camera_labels",
  "matched_stems": 198,
  "calibration_frames": 5,
  "evaluation_pixels": 3148255,
  "selected_model": "power",
  "AbsRel": 8.975816712109008e-08,
  "RMSE": 1.936173021022114e-06,
  "delta1": 1.0,
  "fits": {
    "hyperbolic": {
      "params": [
        -270.96885339070224,
        -1.0000000037929527e-06,
        37.59770564869199
      ],
      "RMSE": 3.741101314829218,
      "R2": 0.8529304051226869
    },
    "power": {
      "params": [
        0.9999999629704545,
        1.0000000096320998,
        1.4732611968830253e-07
      ],
      "RMSE": 2.6003237532846524e-08,
      "R2": 1.0
    },
    "exponential": {
      "params": [
        -1.1674221801713942e-15,
        2.9700000006654053,
        9.757109109691385
      ],
      "RMSE": 3.699815820564427e+35,
      "R2": -1.438414879406983e+69
    }
  }
}