{
  "segment": "segment-3400465735719851775_1400_000_1420_000_with_camera_labels",
  "matched_stems": 198,
  "calibration_frames": 5,
  "evaluation_pixels": 2709862,
  "selected_model": "power",
  "AbsRel": 0.0,
  "RMSE": 0.0,
  "delta1": 1.0,
  "fits": {
    "hyperbolic": {
      "params": [
        -276.65672483739354,
        -1.0000000047095364e-06,
        36.75186299089945
      ],
      "RMSE": 3.3463722677157457,
      "R2": 0.8430112001467019
    },
    "power": {
      "params": [
        1.0000000002684233,
        0.9999999999339566,
        -1.2715737217052655e-09
      ],
      "RMSE": 1.1439555314180335e-10,
      "R2": 1.0
    },
    "exponential": {
      "params": [
        2.9360482292713935e-15,
        2.9700000019612998,
        4.308884184498029e+16
      ],
      "RMSE": 2.3916024878401406e+35,
      "R2": -8.018592758822176e+68
    }
  }
}