{
  "segment": "segment-17052666463197337241_4560_000_4580_000_with_camera_labels",
  "matched_stems": 198,
  "calibration_frames": 5,
  "evaluation_pixels": 3162696,
  "selected_model": "power",
  "AbsRel": 5.1559742532316516e-14,
  "RMSE": 1.895947843166823e-10,
  "delta1": 1.0,
  "fits": {
    "hyperbolic": {
      "params": [
        -295.30550346364186,
        -1.0000000000000019e-06,
        38.51558749718694
      ],
      "RMSE": 3.57933600122065,
      "R2": 0.8542160131647819
    },
    "power": {
      "params": [
        1.0000000328512753,
        0.9999999918694341,
        -1.5375529058903125e-07
      ],
      "RMSE": 1.4308257631265818e-08,
      "R2": 1.0
    },
    "exponential": {
      "params": [
        7.011300927216486e-16,
        2.970000001898648,
        5.6
      ],
      "RMSE": 4.173729192928767e+34,
      "R2": -1.9822271476093574e+67
    }
  }
}