{
  "segment": "segment-4008112367880337022_3680_000_3700_000_with_camera_labels",
  "matched_stems": 199,
  "calibration_frames": 5,
  "evaluation_pixels": 2707871,
  "selected_model": "power",
  "AbsRel": 9.035267822810056e-08,
  "RMSE": 1.8537834876042325e-06,
  "delta1": 1.0,
  "fits": {
    "hyperbolic": {
      "params": [
        -262.67121793739324,
        -1.0000000067307192e-06,
        36.713052797460044
      ],
      "RMSE": 3.6974684045940287,
      "R2": 0.8408621210331807
    },
    "power": {
      "params": [
        0.9999999655990653,
        1.000000008960039,
        1.3968899441308882e-07
      ],
      "RMSE": 2.3699073379098307e-08,
      "R2": 1.0
    },
    "exponential": {
      "params": [
        3.3592413480709293e-15,
        2.970000001847477,
        5.6
      ],
      "RMSE": 3.1814980386253712e+35,
      "R2": -1.1782242088153278e+69
    }
  }
}