{
  "segment": "segment-17595457728136868510_860_000_880_000_with_camera_labels",
  "matched_stems": 199,
  "calibration_frames": 5,
  "evaluation_pixels": 2671737,
  "selected_model": "power",
  "AbsRel": 8.898909698018542e-08,
  "RMSE": 1.8014183069681167e-06,
  "delta1": 1.0,
  "fits": {
    "hyperbolic": {
      "params": [
        -284.75109648205836,
        -1.0000000005024692e-06,
        37.32344708369801
      ],
      "RMSE": 3.3489625791830355,
      "R2": 0.8493422874439864
    },
    "power": {
      "params": [
        0.999999965715003,
        1.000000008483896,
        1.5887208080677879e-07
      ],
      "RMSE": 1.4490748096573626e-08,
      "R2": 1.0
    },
    "exponential": {
      "params": [
        -6.236339842922127e-15,
        2.9699999974247335,
        13.588439044719692
      ],
      "RMSE": 2.8187598305033316e+35,
      "R2": -1.0673010268472768e+69
    }
  }
}